MQ3,MQ135,pH,TDS,Temperature,Humidity,Freshness
648.3094921957753,854.4853902622597,5.739643027533838,427.9046164599318,29.294224129013493,67.29677659905103,Spoiled
718.5282516839649,751.6431096769877,5.90178090552,383.02430055694475,29.552299937679525,69.87689280093801,Spoiled
398.8696892837172,523.6615481454576,6.475469666118087,312.1201990269128,25.719570647503716,65.2643825459531,Fresh
438.77002043295016,545.7136977433487,6.51432860015511,309.6494483048637,26.77653721467415,62.14200148227628,Fresh
699.4464901562305,785.5136112967913,5.740825261312027,463.30896010406445,27.743493105720745,70.43961556024394,Spoiled
572.7570412285531,675.5370861299277,6.434663699604767,323.2478808418462,26.474474829075263,61.92427579035627,Going to Spoil
629.0787012717248,883.0960750356996,5.691312123896486,400.3870098405354,28.40433870595651,72.12331427951246,Spoiled
686.8220885461163,856.5935352144148,5.840206963490094,429.48467871548337,29.469267589808528,63.39328363037868,Spoiled
561.307774559061,668.644092404317,6.2208188731084455,310.9202297825836,28.88310977714716,63.76648840896159,Going to Spoil
497.3347869089149,714.2025183660321,6.258243975293451,313.56121251337674,27.690790922950136,61.74353078322825,Going to Spoil
445.01766463646715,598.3672031691375,6.594386743083308,266.78078132968017,27.429618219132585,60.62306306148933,Fresh
714.8842189042745,839.4579597833964,5.793625521637894,456.70706647255884,30.096469233810883,66.12296813751136,Spoiled
481.8224377464596,650.2136336977281,6.580082868121674,319.4314190190871,27.645375949585148,64.10589467259705,Fresh
418.516088710427,606.9927796866641,6.510182238275016,307.648194923681,27.166452208213055,61.477353792024445,Fresh
689.6481574933159,899.9323585252358,5.867310333752949,411.1355904591252,29.696954404510734,66.99854153073197,Spoiled
435.5297706140737,550.9702474738614,6.614941341158166,284.89234135293356,26.388482197008052,55.78001670945533,Fresh
595.5609451289579,750.2680038527084,6.253200414906576,331.1645532413454,28.459972142939115,61.96685389074368,Going to Spoil
419.63259681459255,544.1098251405667,6.606064364655498,286.4567657697578,27.975119733417753,59.55882785549358,Fresh
416.78908920136325,538.5903071032251,6.555708055572225,276.042442148223,28.96472513291639,60.105790655915186,Fresh
484.3183226797598,605.3567608927204,6.4379885930673915,303.7290862953885,26.338213535231613,62.55730000438867,Fresh
368.89852681934536,577.7780920441353,6.630725235915144,299.34610503811814,24.932557899960123,59.73263988146164,Fresh
404.08496557168417,556.9672703742128,6.577995864227868,253.9615767052883,25.484808937801446,64.10062280233358,Fresh
650.1713049421446,822.7467055499924,5.714850417430099,382.24485267973995,28.78298294957563,67.07455163463254,Spoiled
450.92998567487854,617.2512047646479,6.532862598142189,293.8157524829757,27.331263431403563,62.92663538136708,Fresh
448.07035179442386,630.8622037997663,6.657733765123458,277.4189645756554,26.475479733720228,61.46812368368376,Fresh
797.0686594538209,841.6479912680348,5.634685899909491,403.0567798748717,30.0213832954294,74.26532831860978,Spoiled
685.6092541684366,753.6976156958981,5.750384180665207,427.80841519748657,28.036241073789387,65.12854725531487,Spoiled
561.6193115699155,688.572485590058,6.3209451817139035,339.11284073575393,28.51310579817608,63.22135996724825,Going to Spoil
488.9669437085775,565.4864575824137,6.564359798287938,329.067689542354,28.57957214573071,58.43141991854019,Fresh
569.5414419382603,683.4202426135586,6.303875599244637,326.98316017301585,28.16936082403608,59.75885650928506,Going to Spoil
610.4437347931691,662.0163716473429,6.272468472575189,373.31477079682725,26.581634267066967,58.71757356405767,Going to Spoil
624.2554133218486,830.6646853686469,5.800144657043467,395.4873410679543,29.659245668432405,70.81271041287968,Spoiled
708.386376610985,795.4181907183977,5.896854711596477,390.7936140088659,29.47635776935622,69.51641047749987,Spoiled
429.78399066726354,529.9554569445879,6.673922161536551,296.3019572711402,26.477276979480962,63.147027677510664,Fresh
418.1196270818048,618.2056928200495,6.521141916293156,310.0809303103569,26.469742381627558,57.621381503212966,Fresh
700.8986357124819,847.3559557587605,5.658302462162938,453.4296508400662,29.715381315441245,70.1545571771238,Spoiled
693.7640728825334,792.58563517547,5.819202187102334,435.05348208502636,30.11739881590246,72.34549768967878,Spoiled
703.3530651171744,890.5229572601752,5.84917153551514,394.16736269479287,30.40336997012519,70.09370981761708,Spoiled
399.0082347602224,588.5591964293689,6.591013756024733,295.58060800933555,27.614166700043427,62.27252313014191,Fresh
672.129127262817,849.1013283542363,5.831253071600027,403.83474431421786,27.99144531592379,62.11212292498226,Spoiled
685.1796760563989,749.7216490410678,5.801874200073952,447.0683152135994,28.09224381985308,72.55785177092531,Spoiled
534.3748234907315,688.7340496804238,6.357363174985977,324.3371175147235,28.132969674146874,61.89963755518248,Going to Spoil
411.9177949666633,608.7016902318385,6.720188564167682,301.4818956083955,28.628615545571293,55.85969562535533,Fresh
509.04604408792244,598.9108803088991,6.3041462728204785,368.97887900756615,27.42348959927328,56.22687312356527,Going to Spoil
696.6624812083855,747.5177390150735,5.689376822424962,389.88127883755504,29.207267329398945,68.20803301110875,Spoiled
717.5390295523891,820.9808328846995,5.8807433483160185,437.7544240122413,28.645959289058975,66.27919468130929,Spoiled
542.5294995174427,747.0826761582479,6.264866745720211,341.572850722049,27.38659733645906,63.092590940535615,Going to Spoil
543.3261159732829,689.7844792930875,6.337006773068875,362.39204719931513,28.150418905143578,65.09488300739868,Going to Spoil
735.6079364449914,871.7624667361877,5.578457456531429,392.1146741942277,27.503470744909922,66.0499281967793,Spoiled
469.3490314050385,570.0385584177449,6.646124557044461,306.2250030908707,30.07888080845524,63.35872473430373,Fresh
421.74626155338,534.281188086775,6.628622988827862,311.2156905273647,28.083051243175277,63.16140615610471,Fresh
537.797175295725,664.2834033056707,6.217836494878262,401.918699589021,28.381935452231552,65.29012494157321,Going to Spoil
694.6276503411781,860.5404136579891,5.895218646466265,367.54404080285457,30.30434024287815,63.01252403589298,Spoiled
422.3210492294285,545.5486319468695,6.721849926181572,310.77820087369315,25.962753845673543,59.428983965749175,Fresh
704.0742518104795,897.4510075747594,5.651307150921531,375.9742420274268,29.164760841236518,68.15266310556805,Spoiled
417.83969635259,620.1413159156809,6.62893088200381,287.0976049078975,27.361395605508413,64.61410969939791,Fresh
674.8294642522884,896.686385495825,5.735703824433724,368.7792612722116,27.88347556005134,71.70743486002081,Spoiled
422.9123264804412,618.7457996213155,6.543835752489811,293.44675706804463,26.607891846867844,55.60945515560364,Fresh
396.7863240268928,530.2138118675433,6.457702380087658,329.92088622978366,27.65436565635406,59.83324598726863,Fresh
546.1070878527955,639.3241561340844,6.176447005741023,380.90232938026094,29.09131012059427,65.82741436272153,Going to Spoil
434.901424590337,574.4694279531526,6.651815083048055,330.4605971281605,26.765846625276666,59.297589129152456,Fresh
414.2291710565663,592.0618936933445,6.59722305842358,276.62643924760937,28.14282281451502,62.25579909806032,Fresh
575.8583668310627,707.6915367805874,6.15645612979554,377.1495529043758,27.46403655488595,66.42417339484344,Going to Spoil
528.588081818315,678.3333441328215,6.207069777548274,332.68947550315363,26.593682536328167,63.75068328211392,Going to Spoil
395.2350840962247,567.1445663338802,6.633034516342049,288.7255089439205,26.177779604433567,60.731061634475736,Fresh
597.5066536481876,810.4486118699915,6.0895138505935495,443.5381286369407,28.980739620265606,67.21132751237519,Spoiled
730.2715471994793,850.6234397006801,5.677998024570821,412.67758578977396,28.960692712372367,67.5965096467948,Spoiled
687.2060990698062,827.587899612437,5.699782851804397,482.6861616508432,27.39233897288194,68.55422173668717,Spoiled
584.131917042385,702.549237647293,6.268958161659874,375.02615231417855,25.29676770700076,66.03362595859272,Going to Spoil
445.0707633619543,534.8117258136953,6.642384334233222,328.831372413158,24.52835549987271,57.60931423358857,Fresh
731.3356203713038,807.4230556977752,5.728298776637003,462.6710958509552,30.73889966379758,70.93657415234539,Spoiled
427.51478551037627,593.857928379879,6.545598022273721,304.6450739432201,27.293072473298682,57.856945745920896,Fresh
579.4217009276593,704.6030105690621,6.226106790083031,340.82938970463283,27.60824185095618,61.23276944650449,Going to Spoil
520.7628531359085,776.5317107498024,6.131240158097048,357.7455177556757,28.6337768809321,65.24139729235449,Going to Spoil
772.3722539893245,809.0977052303813,5.69828392856571,400.4373333422082,27.910366962657612,65.6457142756169,Spoiled
483.664685910379,621.2986104220458,6.478450402723679,290.31531854267496,28.266911149186623,57.87699160314366,Fresh
528.1053054471664,697.8111590046834,6.299403018628274,356.5168441455977,27.44969484615458,61.985129896185846,Going to Spoil
431.8335642713489,563.1606207671895,6.623181988551712,341.50801597290877,27.871124703431693,59.02192940349648,Fresh
733.5576200187845,789.1373406726539,5.733003789526476,386.99537301084916,29.439501230620227,70.33680951053634,Spoiled
586.0599208911144,690.7455121561931,6.22409578541793,345.0912537728755,27.928398740585937,63.88833329047048,Going to Spoil
428.1473651158612,528.9300569671876,6.513515476767338,321.0630570666581,26.960444846143346,62.044502092117874,Fresh
577.9979665679717,607.2660226203535,6.144631758085365,323.30492696052016,28.950307591973576,69.13184011774578,Going to Spoil
388.13088858821686,598.9436972254073,6.526446061261296,330.9986881003508,26.216746707663763,59.03381545138297,Fresh
425.9717908672041,555.9913249136482,6.6055841667992015,292.2937280627648,27.11351734525125,61.98639202356314,Fresh
543.5149319392802,674.1580685119958,6.254381147197911,346.3249499592878,28.96387911679491,70.63156900477405,Going to Spoil
749.4312876728861,766.4473160175476,5.881625932654054,455.77522537433924,27.221412415993484,68.95895547775693,Spoiled
756.7841201805455,789.9788217130647,5.576015205836726,450.22541069510766,28.315370174239995,70.37187679748831,Spoiled
687.6786286325704,858.983026613467,5.957237049534353,461.87051432369867,28.437831973421698,67.37233437876641,Spoiled
427.34899713326166,559.7222729851549,6.562316935550534,304.6409987471527,25.551915658502676,55.77760867687034,Fresh
557.2933982781643,588.121930920907,6.225282261747941,332.95039380005505,26.998379990105086,63.156699121342136,Going to Spoil
427.79648382745273,611.2729148710924,6.501043943129753,273.5908677383145,27.5219415656169,60.89095401969956,Fresh
409.71856450419693,547.9089092311352,6.587097143066719,308.08101713629077,28.88618590121053,60.52373343849552,Fresh
368.6059641272737,634.1548949666166,6.5908368123797905,324.7563262394692,25.405572341205634,58.20187493113868,Fresh
437.71964492076927,624.3481432233164,6.665638574495789,310.14548062214595,28.066674689589153,63.50788677133702,Fresh
603.9738483398756,770.2741799671605,6.45615035766364,380.20915576482855,29.024062525811463,65.77758084760355,Going to Spoil
434.19712873720636,577.086843493725,6.532256502554527,269.7030555062827,26.55348504793298,62.56919638297042,Fresh
400.4807229263452,560.5149846494121,6.55260848606089,282.7201846064037,27.048521627944826,57.507149650766884,Fresh
678.0510036903615,824.6422450570558,5.819182767039688,389.16974577222123,30.2657078408647,65.4014754553565,Spoiled
694.7410961731333,861.3023585720753,5.747588291531414,371.80268697783964,30.74958390420542,72.14436223607146,Spoiled
735.6153265407914,848.7602508053283,5.860079886565745,421.4932106154288,29.007063158628178,66.01903658157966,Spoiled
534.3437336519437,737.6457362780801,6.25678555105274,371.31934187805547,28.484732817294475,61.46093003502738,Going to Spoil
456.03641766491836,563.6769850791379,6.436950037185771,279.83827378165194,25.129208078974145,58.94545954787608,Fresh
628.9505906840673,840.4326405740335,5.676475419018152,379.41989142469396,27.47764081378211,71.33806512496977,Spoiled
557.4618819883191,646.1613800717531,6.218094606433338,330.09935357991276,29.076007138598598,64.06393494601582,Going to Spoil
549.1056075152994,732.7728058666714,6.3043600154594435,340.73464169784734,28.771698710648344,55.454372138109775,Going to Spoil
496.6020289900467,736.8162846542232,6.194814185410755,413.9549821417063,27.43575240134261,64.5536539095911,Going to Spoil
527.6363388308674,620.4609592966626,6.4142015160136365,375.24542723356586,27.311849654822275,70.75730741603293,Going to Spoil
467.7955987991819,559.5513729427526,6.520831614379313,297.48426159800704,27.055724912288696,63.28257455541284,Fresh
764.688502998745,825.2177968761606,5.692145914201224,380.0905912278303,28.810879609222965,70.76495033577338,Spoiled
401.9488016331181,654.0911273803575,6.598920222020965,278.84578142088196,27.82254491210319,56.33746905008693,Fresh
463.23819867198347,522.5655139528225,6.6930531001723965,300.20466122039176,26.01849134895205,61.38631042278981,Fresh
663.9751706140853,851.9195962804191,5.760565782910121,438.0956229324703,28.455885997885808,67.51162128178312,Spoiled
728.3285769302623,831.6608065631751,5.914376396069589,428.61372495605474,28.38756262535956,69.08451057561831,Spoiled
713.7515152619955,817.5673824214774,5.80393563944939,397.2451399589979,28.769599285794232,65.22730056719509,Spoiled
533.7383945945562,689.0521845142778,6.2783287871546145,343.52737565739807,28.586693801475274,62.575289030132424,Going to Spoil
428.8836083119373,590.4422108871955,6.600409076531396,295.3082573324971,25.584629257949587,58.73806403170392,Fresh
688.8414827867276,806.0119915752083,5.894844627526205,430.2015388370667,29.57061299721953,70.90455398159858,Spoiled
434.79953702642666,587.3934449477949,6.531331377585502,314.0061975881798,26.424362173762226,60.366029443936085,Fresh
620.8280075849685,857.3955128058767,5.671270836911223,427.1774059233345,31.074082669749973,65.24184622524074,Spoiled
392.75927773436365,523.5078519465883,6.717251901513724,295.4844739902693,27.067528204687925,55.72575544135963,Fresh
427.7265117216829,577.0221633693533,6.446498302776076,299.46972249101566,27.060230209941025,67.38972633745585,Fresh
557.855813649599,727.119423617547,6.418392769145787,338.5278934282765,29.078680833431296,63.88447459149788,Going to Spoil
435.58039542723515,641.3095565201031,6.591299188123451,308.0342344419788,27.690143991711114,58.79633858434249,Fresh
588.0063448041052,701.3614204795979,6.247497304125486,370.44415748000716,29.390207549017312,65.67343091905559,Going to Spoil
554.1853128944954,636.21189766033,6.369657150166449,346.03676067432576,27.97269546049007,61.20019612278041,Going to Spoil
724.862875594242,801.5194831978183,5.8452520472682625,419.12211558945063,30.126050250772167,67.84581882923455,Spoiled
485.6940879965302,547.6680685857939,6.532822252625538,288.0121470911196,24.876104275690192,58.42273493495772,Fresh
402.7901397935929,558.1256423503843,6.5973797383827195,289.1315045773247,26.287154217322836,60.31929068307569,Fresh
564.3436529924979,669.1434055421656,6.317257370120273,397.4970483723804,27.867366253617426,61.076412085988075,Going to Spoil
551.9827473713988,703.8361739460529,6.242950122194091,362.16254109565506,28.06447441481012,58.07360030093839,Going to Spoil
428.30072397990057,613.0873299614409,6.601040151350232,329.07068154314635,26.735343166762043,68.16050749976885,Fresh
561.1711078646713,740.3202700710415,6.062482753035425,352.8756519786854,27.83986720443336,66.0140202293514,Going to Spoil
588.7478234250441,674.582847622088,6.032733045398596,371.18554192876053,27.464671814046078,63.72840015308752,Going to Spoil
475.9732353343427,598.9533168364715,6.504695720223788,313.13107217267657,26.025318329772677,62.36125381122736,Fresh
416.53055152835276,567.9558521764285,6.481718240770605,285.6031158321058,26.539361229040214,63.171366678656746,Fresh
727.2820826285048,894.3623077667963,5.730393611035595,427.1821350160613,29.499685110302934,69.41600681275783,Spoiled
413.07196409373967,607.8482545925367,6.747916487595627,322.53130059095514,26.73111130944517,56.68042227377499,Fresh
601.4909614622763,670.580434528166,6.183092726134008,375.9976171849019,27.394384460263137,69.47802914064081,Going to Spoil
707.0084567563405,969.2629501301706,5.844097799856916,410.59410941482804,29.921801501977253,69.44806366162764,Spoiled
357.54211776348836,647.8582547316015,6.6168813973762095,298.06573776259216,26.45508091319105,61.19740834305621,Fresh
383.3361657332416,608.5199372068955,6.580773968147349,292.50358384900807,27.71095996820349,61.33278993445812,Fresh
647.2301122160493,809.8509681302171,5.703995372272282,418.09426276153937,30.23743813468414,66.62809503473963,Spoiled
530.568016565738,764.6520681248265,6.105198609958376,295.029851084498,28.440014450053333,62.49383732694216,Going to Spoil
747.5565348589857,855.4151923600532,5.84217378490499,452.1045071494928,28.97347874075094,65.35437604631684,Spoiled
673.6753404369897,804.8136985611668,5.638495489183214,395.42226420835505,28.52377912645534,70.62316754213818,Spoiled
591.8266320123695,611.4565892847302,6.194107815272841,359.430296876613,29.56552402923434,63.80274921678104,Going to Spoil
563.9728092911848,709.1238172866233,6.201681353770063,389.34966908225084,26.774234336997658,59.60687535937054,Going to Spoil
648.0167505228961,861.4866208939587,5.897367586538991,385.55210133742145,29.81877764375486,72.61379575523766,Spoiled
428.67505931723457,678.2120055964358,6.548980801259894,289.38006089996367,26.376859473575237,58.33356864251924,Fresh
671.1304978665098,828.84104360697,5.734398389849528,411.85034669021843,30.673452090298536,72.02138315537104,Spoiled
645.9570253516791,753.8771021628215,5.857823927406219,436.41794392133903,29.548883835317366,67.23513261933891,Spoiled
586.7343450361767,655.9144154797744,6.381739406563432,354.93999011731,30.075260872625265,61.9324365457313,Going to Spoil
545.7668147987276,698.8789599758162,6.16125078221979,339.06354249191475,28.72238135782777,62.8815005437247,Going to Spoil
497.2007940974958,582.3687373605795,6.601114343353036,299.51749825779996,27.198084760767856,59.56691876422817,Fresh
494.2452193263916,699.8213632082179,6.248036220107332,363.81224886042867,28.22391413406466,68.09242128992153,Going to Spoil
414.6915831751785,548.0681102184618,6.489654461758837,285.3813992011616,26.9668730271262,65.38367359055336,Fresh
636.07502592465,843.1086333040971,6.042917154794422,379.1047798622157,29.189706167610396,66.01405346661018,Spoiled
558.7284289298765,750.9853975893564,6.240470446761305,356.9755381442585,28.60789650971654,64.55982736946908,Going to Spoil
703.0382107166434,857.1341209179861,5.857869874321679,382.87012733018105,29.869156064389273,70.66187251180023,Spoiled
584.3617920447058,665.382587742112,6.0000594285126425,407.2735643147685,26.610427533236404,59.06380375912933,Going to Spoil
393.7314523984573,524.6880107614265,6.674094203802531,338.1883328094026,25.60143242618086,61.68890771007171,Fresh
490.7465115031615,675.5747167942362,6.151140889284909,322.4102670696057,28.17989415115348,68.1760068590338,Going to Spoil
584.8616690032036,645.9442210143743,6.107818933325816,387.5333412988872,27.677320161157866,63.24750095063486,Going to Spoil
380.8659149848544,606.7869019532015,6.629327859687748,281.2024042734529,26.486133082663308,56.822359434333144,Fresh
722.584237035744,769.0167830653942,5.797173741895091,414.76937226291494,29.22530792204094,66.89141921349993,Spoiled
695.8698095940381,737.8405594422916,5.778897471468151,469.8441049718405,29.02088648829596,68.69210271715605,Spoiled
685.6663939191511,787.622909718242,5.889303036579992,414.5632748034569,28.350626961678575,71.96391209681903,Spoiled
418.87095892725455,624.1320752806608,6.6091382118929625,303.00603522923757,26.636387787786145,59.8291631288368,Fresh
577.2426376658323,655.196642765216,6.16818011165777,349.9156385647262,27.82981537747507,62.640315852018176,Going to Spoil
571.6703991351819,772.5872961370264,6.25207937076754,331.79992646927167,27.81710355889516,68.12462925744455,Going to Spoil
726.0180037014455,744.845984912009,5.9262337141267505,390.0581811805676,28.61602872804765,68.75060061875509,Spoiled
746.9249855034657,838.4821096099047,5.787123742719492,433.43150777430833,27.4291238479315,64.61969759327059,Spoiled
560.274527625832,618.9538187919468,6.296642998243352,349.1089629425629,26.38486818409449,67.49421806337152,Going to Spoil
741.3018481736663,876.3352568413792,5.669084028374176,407.6755713613625,27.894295331514066,67.3552369091338,Spoiled
706.8735735917412,847.6625609992392,5.658928647325018,393.1479047317019,29.597228218253385,65.1549559873274,Spoiled
680.8465017596639,776.861211797844,5.883217469429679,408.2396208024261,30.059936384046622,69.8510178487301,Spoiled
741.5644714968107,816.211785673227,5.880457674068945,387.84428300879534,27.446241233983937,70.45366897407509,Spoiled
396.81524356387285,570.5272557303997,6.561170916173672,301.63748278772647,29.314658566673508,54.39820442222476,Fresh
418.9594533783966,589.3685893014608,6.724040039425126,280.03291918522416,27.984322398476582,59.35803346732347,Fresh
682.2782391548607,796.0253516300378,5.835589065416891,433.89554385802757,29.197292265631205,68.93392602032866,Spoiled
576.5625006425367,692.6536140786219,6.260420110395188,348.43517180251195,27.246035411133324,63.15797476939968,Going to Spoil
514.1534611484778,763.4341654850384,6.372103369552535,364.5524425867154,27.77351590115017,61.12168228982956,Going to Spoil
716.8037796180737,850.3425296607835,6.046785227779544,386.0733469402225,29.473632076811455,65.22085661005538,Spoiled
419.4295137629193,539.8988254144876,6.598518949120608,294.2268272215972,27.32271856033809,57.51830716934303,Fresh
412.35068347737433,640.1597195433076,6.387922415328559,321.83013703844927,28.246085192497628,53.77982930277555,Fresh
558.1825069126762,609.9846959208368,6.283088023221445,370.8382240402231,26.006264357428545,65.12216970954272,Going to Spoil
764.488825130217,864.8419657932766,5.7677763222513,393.26423323754136,26.848184598670695,65.84254004227274,Spoiled
426.26590785014264,501.613195044809,6.493745116088125,303.9372247173825,27.73846657999541,60.51410484356991,Fresh
743.4314529975738,824.8991576735448,5.836966064740492,408.25054297734624,29.26912694124511,66.97042317350777,Spoiled
694.8980351848986,895.5577465123674,5.6258589171938125,419.63733156461836,27.74760655558688,69.0908956478749,Spoiled
548.4044894275576,690.9502752195211,6.225876394214367,358.80138491285743,26.748460575809556,68.33129381221978,Going to Spoil
562.9035658105515,662.2997534452687,6.252874482293482,381.96129656518247,28.191099068019902,64.13930964446844,Going to Spoil
590.2067995130236,601.7128799549855,6.213755905859687,322.0082526343464,26.705318524279093,67.48248036213556,Going to Spoil
588.7863985858131,633.2042332793511,6.311277390506257,323.6646109206586,27.376231039304194,69.74209406160035,Going to Spoil
405.6247728646413,572.5736409334473,6.511493202079517,276.0758675183866,27.8125258223942,64.06872008571247,Fresh
591.8821020325978,652.5597693056278,6.236598283332708,350.3672048682299,27.21510168691776,65.94484130153158,Going to Spoil
434.4302769521014,588.9553609711653,6.536762043564375,309.4293671427199,28.882024496475033,64.03626013846494,Fresh
400.6028134727242,536.7380798554242,6.734971330805805,317.632795138989,26.992027358683384,64.43983241667007,Fresh
398.540888722201,607.1839099573871,6.5415706694626286,304.3291717916395,27.045571839903815,58.04519895718255,Fresh
564.1305531617813,678.9111977124088,6.159629813926987,358.1089820430401,26.820960208840198,67.5630381653847,Going to Spoil
552.087062947206,650.8878450032491,6.319822331361359,359.83713463554375,28.895193220027732,65.9055154050459,Going to Spoil
722.2205058536899,774.0656744256953,5.74991598236739,411.1473025728628,29.97581671934471,70.75536333182724,Spoiled
689.4194063475755,719.8068817796623,5.876250163625107,382.8222481543958,29.059932630266328,68.83213081387457,Spoiled
569.2518234658593,636.4244995311365,6.260537550614596,316.64936262704487,27.398632356048786,64.9593458024276,Going to Spoil
727.3427729280191,751.7022144399733,5.945433278246368,427.83751593701567,28.630722860753796,68.43016540202676,Spoiled
667.5656995515865,757.1211070542691,5.771917616907162,433.99075123339003,29.9873345165891,67.77214692907243,Spoiled
592.9684147365653,625.5661541588958,6.417257238683771,360.47547523415113,27.294988144241593,63.832692767026884,Going to Spoil
585.7899651203375,789.7888582852672,6.388427281851052,364.097728001309,28.594754341665286,66.56024667634092,Going to Spoil
400.4449167659352,581.8959468526566,6.5311669307772835,292.3088891154035,28.00629280921444,58.26932439143055,Fresh
529.6816792568347,706.4860281989274,6.416990450435141,359.8667882455745,26.804116937964814,65.33380800466043,Going to Spoil
494.5634011779997,714.2186595264934,6.328580015865083,360.6364390446241,27.033023856870788,63.85686593157406,Going to Spoil
544.1507400174756,692.7160977719735,6.2251308873816456,390.1836394004998,28.49097495163825,66.20463335814945,Going to Spoil
405.31681672445336,621.7664350827629,6.654551319170104,336.9341465147207,27.583928185325963,58.92212372763882,Fresh
427.258868146981,503.46879021368807,6.462006573398957,288.75424941518054,25.987168879665575,60.942741997785824,Fresh
455.0334618497942,590.1768337320485,6.6270082129660155,291.7624606775507,26.512393775927507,58.70232543654114,Fresh
655.5416817225187,832.3252389216002,5.859786609819614,454.204471155638,30.580540686568373,64.95471742451639,Spoiled
429.96942035938775,550.0605385377379,6.724092158041802,302.31349268585717,28.179297184063827,60.20255544423033,Fresh
554.9310186418921,600.4202285496717,6.282316771418478,346.30993534253327,27.533963498131758,59.21589079819962,Going to Spoil
469.9642333338773,620.5748026007252,6.452730061493468,274.408460665286,26.375181422304323,60.0782731506325,Fresh
729.0038314739198,845.8089143557479,5.723022208573245,432.9576763402182,29.800409525227682,70.26287398944072,Spoiled
427.068436743257,610.8346077554787,6.481713100337612,322.87508086413857,27.338496407494414,58.7541362582976,Fresh
403.43330867157084,605.3172727102204,6.6162338416681035,269.68511770005534,28.54750520133006,65.38763301928657,Fresh
672.2114747564377,799.5358780943448,5.737109392247849,424.57064616101167,28.1775800676178,71.36309200197341,Spoiled
598.7884990901468,805.6997889059944,5.932115156199829,478.7504236266178,27.77045040554758,69.49009766970957,Spoiled
537.226654465999,642.2355649697447,6.1455190805978965,300.8410852656,30.056207129940322,60.690374902834954,Going to Spoil
438.98345598318855,670.8277143121759,6.614549300404679,304.96441172600674,26.540639100459757,57.45046689160562,Fresh
570.2871610624752,694.6608342461975,6.2694384301577335,341.1708426797328,28.33848384346169,63.113795769582914,Going to Spoil
423.60886895135695,600.5775533623499,6.65692919024711,277.5071581632426,25.465885829264376,63.83303046569553,Fresh
444.4055165210901,530.7654273426418,6.61819679476833,326.14285508564853,25.39251676543877,60.55390157559691,Fresh
440.58780571123543,515.4913651524139,6.562245450736845,321.7790119393473,27.064280019095463,56.76676566621208,Fresh
401.6163392854684,564.4919376025606,6.622869231257992,306.6891357997405,27.65854427267283,66.03061361629905,Fresh
432.24758267143415,511.8966558304864,6.682332450986051,309.45194964826084,27.256029734313877,62.948072951836544,Fresh
582.0714686145868,695.5919814154097,6.349801010985965,277.5936155451578,30.088374704780726,63.58123111553448,Going to Spoil
524.8557457050781,720.2715969624999,6.220505032170797,381.19355181684335,27.32650937575613,64.8369824866714,Going to Spoil
575.4670340272943,682.3375648613285,6.323264007721558,347.9820854972854,28.078635190316092,58.005397946403676,Going to Spoil
420.1573109915455,581.8792237505896,6.56399476228166,312.45699864694996,25.932379570617407,59.57286154493612,Fresh
542.2561231744979,667.5434015049985,6.2807406697809105,370.39343031348244,28.860473488359744,62.25076768429319,Going to Spoil
527.4757558688889,726.3482367911522,6.216522466789346,339.9087884189501,27.044877420650646,65.27079719678038,Going to Spoil
512.4751345805038,548.5392282427426,6.293655980415767,372.5983710271549,25.63706756445816,60.97080788587019,Going to Spoil
698.9437697216429,834.0080579409804,5.702847577609402,432.7218313339227,28.526160652929082,67.95664318736516,Spoiled
699.2516497421641,800.5740773455557,5.934893526398321,448.4257938636857,28.227122332176393,69.2211568613736,Spoiled
706.9336665748164,832.197659895425,5.773215729443823,464.6959031580625,27.399096021523484,65.51450892565926,Spoiled
694.981829599884,836.3939762079679,5.810307160755199,353.42098881757397,28.770200369424806,65.44578069721906,Spoiled
392.30300261667287,525.9326157753467,6.521930139761813,321.0728359321568,26.050601111168056,67.89714619451217,Fresh
404.47166102891487,588.9515180655559,6.598686168314179,323.7678654689617,29.52693242587362,58.407393681239036,Fresh
642.2458073546584,705.1909523431381,5.7339355780610095,383.37862722257523,28.49185980235269,67.55665904354758,Spoiled
681.19831408962,833.2939114826024,5.747593631675128,418.01602156122533,31.099721789166516,67.258922897762,Spoiled
536.413811351057,687.6687300068969,6.266057398104986,350.0761505038354,28.436938169746348,67.57193882435902,Going to Spoil
534.4851212082972,640.1838778687894,6.232705394007658,392.79271200355856,26.628098857068643,59.159315806369776,Going to Spoil
435.0275156287314,540.8977902080579,6.6079465844343375,315.02774246743576,25.33059471887863,61.63008057713981,Fresh
679.8328067596931,815.9238663449177,5.8417211780246,405.38314307659346,28.324291920838387,68.10245725246408,Spoiled
550.3623416945184,620.9673695442428,6.143488633692463,342.3693823911333,27.390487797840716,63.43908609104366,Going to Spoil
438.6542988665159,517.1910112043818,6.54182902593401,295.04962728896993,26.925566570899953,61.86201629265204,Fresh
656.5101624454879,765.7087435557407,5.88152479395478,385.5361789452403,29.66631250090921,69.38777387856186,Spoiled
804.831723641199,764.4016487112918,5.975701268650292,449.90576320397423,29.280636404490135,73.2758614525854,Spoiled
594.5700904393249,820.168775329858,5.83933854074117,447.7281041861349,27.986104047707464,68.25706148421008,Spoiled
727.821510302631,862.4551055371572,5.764723966280298,417.852022444258,27.48212625331919,66.92891239758018,Spoiled
735.475495603892,798.9619103159473,5.487494337204744,425.96844440389486,29.43673855173351,69.21288426488509,Spoiled
652.2429997440378,827.1471547381853,6.007901799938211,486.93900438577896,29.63805110144076,69.50253342483337,Spoiled
552.3446751028705,703.2172647966845,6.093745414311345,336.77368306634264,28.794264679621826,60.23713173049225,Going to Spoil
706.746186878669,842.0970324784705,5.669152110706858,462.3279713923881,28.901411867715737,68.05654886883454,Spoiled
409.71937217758955,565.1423653601684,6.487399064422574,284.44366624818247,25.889424154534172,65.25681133027086,Fresh
584.8693386806499,657.7809537577409,6.094341810134025,339.2971209758522,29.500759790634312,66.55066522634048,Going to Spoil
512.8162265148592,699.2738193743442,6.231285573499545,374.64324989199656,29.18738605156475,71.76869092605584,Going to Spoil
728.7903176859272,755.3363521064418,5.685227634781839,434.1721883364113,30.484116028535965,69.06684004635699,Spoiled
541.3878129154518,642.0539032107714,6.467094271749781,345.6028546891916,28.123204806784486,65.6544561281214,Going to Spoil
748.0031582570745,795.4048776246898,5.574813675274975,438.5913433789841,28.36463761117437,64.43100002272891,Spoiled
681.3875817287978,814.7025822847933,6.117321201642044,374.9108901481454,29.253739661494574,69.4030795152963,Spoiled
592.0144867780549,650.4397574462872,6.145308901731806,363.41631881318216,29.185704154662997,66.1568599319952,Going to Spoil
475.7350785346992,652.6480105807506,6.3796994546561105,349.42829844252793,27.000697767705088,62.485675236315345,Going to Spoil
549.8739111318301,627.8735889863356,6.400339830176715,371.9340572643918,27.779035826170336,64.08065751698359,Going to Spoil
428.0115079760778,615.5852318249375,6.606582719142033,321.309607501307,26.482711549899626,64.22804232055674,Fresh
582.141081210081,609.327472836957,6.1510371863429665,373.5192796997054,27.01751260646169,63.326100550008924,Going to Spoil
576.8128097434642,735.2119950747939,6.2399845923520045,344.90815624557587,27.122017413243437,61.51935893788042,Going to Spoil
620.4685536634317,686.1440898987232,6.213467844868789,354.6170076466227,26.652873710470303,61.085157884468046,Going to Spoil
409.1710150254276,626.3731921345699,6.513514933792008,312.3187121388853,27.593101257968385,59.07136068205803,Fresh
429.23405306676176,511.593264293735,6.492145166231543,314.8652818804543,27.17086543812794,59.44804999094196,Fresh
583.2343947404463,613.1795914197544,5.9946078865098045,373.35799778098186,26.63312130158458,63.32570379432195,Going to Spoil
668.6493733765442,785.472947384187,5.69005697014225,395.04533375308665,28.932821709950645,65.85272003266775,Spoiled
710.6850660404593,845.4362511614967,5.610257115756144,446.85114942228347,28.51693894831656,68.44037903595665,Spoiled
496.80253614806384,576.157604011014,6.691941866102853,285.9364714974823,26.96501150950304,65.31240190690653,Fresh
670.6330480488601,824.099777820678,5.854873648553829,463.674669664403,29.704506539824724,70.36717006212656,Spoiled
412.21225945909185,519.8742818752758,6.580340554873124,294.54552860504657,24.30311335705843,59.837115400446564,Fresh
693.4773214422495,782.7548677596775,5.718978607003074,415.66443987853444,28.20758007900004,67.07611541108288,Spoiled
546.3442773511885,672.4030224564495,6.257005216311319,379.04695756520476,27.072646865809425,64.71510694820435,Going to Spoil
420.84955128391385,581.1902455798298,6.675062704478079,289.6791054356525,27.09612077694098,58.613174133884876,Fresh
724.6308459908456,880.1942218584409,5.7832664469182795,406.49432205445765,29.000527958856598,69.80362024678735,Spoiled
412.4229554582052,530.088672721406,6.7305929043145305,271.39717244078736,26.559955513303017,60.39222173185827,Fresh
678.0177145636568,862.9793943489901,5.753544322025258,418.63766346203283,29.02538842054241,62.24098053140703,Spoiled
393.04755985954927,599.6767668602603,6.494381343438349,336.62917531708706,28.17944012072129,58.592473043685885,Fresh
567.986774738062,688.0811801872819,6.285063009927356,362.2296782536916,28.63472146856177,67.32909952586867,Going to Spoil
428.11370477339517,577.9904756220345,6.580884156250687,281.848726759168,26.423228669431666,62.26617367747727,Fresh
558.4263612820998,797.0757401381178,6.306550964563154,305.98093102110454,28.753341621104532,65.14347515464833,Going to Spoil
634.1195454833396,677.4071541334887,6.2701099046714965,376.2663599001903,29.105525932957985,67.56109091668114,Going to Spoil
547.1247087562601,730.2783124214658,6.28427253463777,361.4188304788446,28.569767280232202,65.34312568005194,Going to Spoil
418.92521882670144,642.5857462325603,6.39042039167282,316.43805008750445,27.08704706823817,59.1029779486024,Fresh
437.12671532079503,625.422625607224,6.676320141079456,313.027825026116,26.684730755359656,62.276907661479804,Fresh
412.6383565199139,549.8505534257005,6.5288388456299575,283.68379430069126,26.922898290585895,61.023455924449934,Fresh
568.2992420812425,654.1834998227639,6.247564540773902,403.5567589652966,29.727543170100713,65.3089710090221,Going to Spoil
400.87838618080445,627.5606612443021,6.713640339839188,288.58507412501046,26.16764442689577,61.41424666915921,Fresh
630.9677308483762,786.1217673832173,5.943293128365685,390.5650340658095,28.535595737690613,69.38618267975569,Spoiled
715.6278368371258,753.6763935844458,5.925678124794573,455.0876997728332,28.770609255931973,67.86956915055842,Spoiled
517.1232612163436,673.5160599925273,6.129030525715889,364.9982182499051,29.5307508323437,67.65628555509196,Going to Spoil
420.55255137568656,647.0574924910113,6.626154189901133,295.61798942382273,27.82940558118349,53.36659407297634,Fresh
458.3299468736527,556.3371444465668,6.6437677904936026,295.9561469513221,26.78231879677278,63.29633055596157,Fresh
573.2008444033595,732.8063235868397,6.268102155870371,317.5792013011038,28.399687951752643,62.045929318624516,Going to Spoil
635.697605425241,781.8637610716893,5.707702918025524,391.80290696673404,29.82947484193175,67.4185215836816,Spoiled
700.0082825967279,819.5349839430693,5.76065263401845,424.65572051576936,29.825098264667634,65.3986093528673,Spoiled
533.6304579540838,695.5926746778822,6.245307942112081,361.92602068057806,28.076821891060256,60.15102332743429,Going to Spoil
405.7516406651713,553.8668306970516,6.741236339222487,308.0996342192191,25.739116045664954,62.75358584116433,Fresh
687.4776787790738,819.9645702711678,5.649951071923634,438.135459790661,29.882333062323408,66.64372900150076,Spoiled
608.7195284926754,655.0885291231402,6.3068983079185275,390.70991557821344,27.62087225901251,63.389258919692914,Going to Spoil
580.4954054110035,619.4309143888963,6.262637957954642,398.4732249764571,26.999668675394425,61.96676508842545,Going to Spoil
536.9727628375132,728.9936878866883,6.438458630593461,388.58108820680474,27.511150578213726,60.64114770013297,Going to Spoil
683.7185474829288,854.315922847835,5.812707334373828,437.53238941417453,30.976440584515487,63.307275164866844,Spoiled
403.66851826424454,584.4369035883947,6.507920513806216,307.51396036691347,26.399361310081193,59.12491875062017,Fresh
567.9760037299401,656.028462215214,6.133008316428971,278.1934446679588,27.972485094949363,69.31675479000923,Going to Spoil
638.7556998977711,845.7127378008918,5.868646893005697,418.13426949002064,30.124353359870504,66.99776830706018,Spoiled
442.70965849936056,543.1133870328949,6.669568473608453,327.112757176099,27.413434903223703,65.6303874376742,Fresh
530.8814443111631,697.6311802431146,6.102108843122587,354.58399799447886,27.984690150827003,65.73787449880327,Going to Spoil
779.8266995913585,975.4959278002681,5.872806767096342,414.5041014383884,29.53450564848055,70.6629662776215,Spoiled
556.7217190771511,666.0897591108875,6.263354090478228,346.1882540904864,28.70810867668859,66.87010695038376,Going to Spoil
551.330121735887,685.4014097023218,6.3113517972730415,324.43018587003985,27.742623462576656,58.99424777836723,Going to Spoil
444.91007449632735,545.7566469636453,6.605725298977551,290.4468510646977,27.478979825746393,61.00098631586084,Fresh
527.1073510905402,597.6215196414595,6.301120259952498,384.3414636290739,27.862551485372308,66.85862364160882,Going to Spoil
563.6002511585838,792.1849782844756,6.24939290884601,370.962269361291,28.081829358547566,63.70333104042657,Going to Spoil
426.7227744543125,580.5036960312718,6.607814087883906,284.5398043228907,27.024510174258943,61.49399487373635,Fresh
467.5805044843606,530.4873800469261,6.770642669972501,260.95824400954996,26.848214904964415,61.76495161945373,Fresh
426.4228123239061,530.1704488515205,6.613854474068094,307.70634759457676,26.116142563798867,60.461175317836584,Fresh
527.3912537306412,644.0363597007386,6.201725647781797,326.1667847935322,28.122670315994796,68.87403537540868,Going to Spoil
720.8448971351735,852.2607792975028,5.866672535920413,422.68742043765747,28.802661579692675,67.54618014903946,Spoiled
554.3828575926767,660.6767506493636,6.262229750303228,363.5824507259097,28.048860070325706,64.12177507361164,Going to Spoil
655.0982077502234,774.1248589492868,5.92211937602122,428.1448593247694,29.551476275239523,69.0217676492015,Spoiled
454.75786737022213,547.1727072659315,6.677070090339545,308.25561853872995,27.82206015999449,65.69037894796185,Fresh
701.6367670158288,769.8906272109264,5.888898921450415,404.6035930058524,28.77140008465998,65.01695187617446,Spoiled
573.7274054968744,658.0439866334434,6.4657308213265505,334.85712692491654,28.742095372009306,64.89787774121947,Going to Spoil
549.2521446978047,646.375474438348,6.007575973972706,372.10113490902626,28.736843897092434,63.15601732864536,Going to Spoil
562.8550559690469,762.7182654557805,6.227653401762815,341.26708009704504,27.980580394112266,63.090460651497175,Going to Spoil
579.4225242146053,650.6319209313924,6.205381656678522,302.7614817263617,27.547693680750925,56.72836202011313,Going to Spoil
703.4127257026009,779.5867139179537,5.700346671213212,435.6754231579727,29.418398220888683,72.20479577883928,Spoiled
407.39439548712426,568.7286156455797,6.492443959117257,281.62696107031604,25.99585923324793,57.69660730468762,Fresh
463.5343082338512,618.3708330434083,6.772254596600924,284.65304874223904,27.87232063672068,60.55002601721505,Fresh
414.39385067515923,562.410757669033,6.715758230748298,303.9310955302315,28.031844539468636,55.54331888088908,Fresh
401.19098826636696,652.4979423198772,6.656620154836438,288.75066448211464,27.63240773905552,62.91766334888019,Fresh
734.3380446662666,808.2689715021293,5.804588559395203,376.5422575609937,28.700323351993212,67.84938614887477,Spoiled
430.3085486870539,509.47839378549065,6.625926717551583,292.2983543916737,26.323077999694043,61.835028866522606,Fresh
614.5730314408522,976.8874266829997,5.926726817087926,426.6971674238748,28.945105999383713,68.85666222457297,Spoiled
686.747664672667,789.3881632746125,5.669781936813064,395.2376841006313,31.949094425308726,71.73403874221036,Spoiled
397.2260201533891,586.0157514590483,6.627340478062172,337.5234167843177,27.95042383818605,58.26928903301279,Fresh
776.0476274301203,816.966959309269,5.714991187970744,374.58856822161516,27.196860323744055,63.24759217098353,Spoiled
395.7451919132044,559.9297182566186,6.673232169416165,306.5750221931937,26.47023979623296,61.53980229934007,Fresh
514.256851400425,711.8760401284709,6.27438007137712,335.8980342315818,26.719695601329107,66.61737198484043,Going to Spoil
396.22437784701896,575.410542341324,6.640398982318437,317.31510388340246,25.799703592944223,58.996496292477154,Fresh
662.9830149576165,832.7691877837159,5.692558441316437,407.75697482519337,28.004184605209772,69.95340872547096,Spoiled
611.5255235468197,896.6716850648163,5.629125141705982,412.00043012296754,28.570755579701338,69.76565980931215,Spoiled
582.1676769045719,666.9376455115107,6.27673923140719,358.04244515490035,27.33190954635695,66.97612704860957,Going to Spoil
606.5381491314305,665.4955788854897,6.371715852082549,388.0329012980613,28.99831089814796,62.705139061845856,Going to Spoil
727.9531368081014,841.0486472194694,5.859042261759136,404.2189547199726,26.846657080128757,71.29145813526108,Spoiled
754.4263438335461,754.5589800440443,5.4376585413015,425.51548634261087,30.800511181510853,71.71683905881831,Spoiled
551.9954593713979,692.0866525488466,6.402846842641253,362.6958939072406,28.538296079049633,67.2175220119294,Going to Spoil
529.6411680117975,634.335947118821,6.1850722454934,319.4014933309436,28.034083468259226,61.69008030682407,Going to Spoil
511.76905323645974,665.761619763734,6.371309769997918,353.5429228409976,30.319329539981695,65.17995351818311,Going to Spoil
551.5260856230359,756.2772968193839,6.187735063826555,354.86518638093105,27.257529414301953,60.03993246633788,Going to Spoil
669.4685558328567,821.8968917723801,5.8819994791373285,413.72058541261913,30.07297804776601,75.09161748385809,Spoiled
574.373560660985,722.988734385673,6.258840688629185,386.9382520263815,26.858310885866494,63.41902162216085,Going to Spoil
767.9982949830552,873.5771576117443,5.822876270951803,448.2393174230245,27.96747609647246,69.19378114984043,Spoiled
668.5605586946007,750.9477698423112,5.836458231472585,441.6468751537843,28.76913362615523,72.3597819899631,Spoiled
691.5547904468922,770.6410236424408,5.784249163948923,422.30555648876305,28.77514401819192,66.04999225752962,Spoiled
715.0563810439006,774.8974222821245,5.695640430247036,453.7630435324431,27.810588107132673,72.92801885976789,Spoiled
543.6832030243281,823.6898405530187,6.279875290836569,331.2052237476204,27.573642403794455,67.44533712759026,Going to Spoil
525.4302909267635,650.1694587102073,6.1097394728200305,393.7394185796735,26.756136764608716,61.92128440661228,Going to Spoil
526.3262694279256,761.0423194809867,6.245984204935565,314.2306224470488,28.12810441491079,61.956845027575355,Going to Spoil
433.31458284438685,610.9853621371735,6.525845562273753,298.809492878764,23.758732659930928,56.92683707599713,Fresh
543.8764085156607,645.991467822822,6.3036509843570405,327.5383004552241,28.02818115736913,63.97264301006739,Going to Spoil
539.5852773824002,741.9068065990228,6.234994441296747,353.13941133678856,27.82692817571613,64.0467371427444,Going to Spoil
740.0232927217191,786.4689895461678,5.9670958360077195,412.4986045620314,29.28869362927986,68.78096551631366,Spoiled
542.0732387834465,696.531447806728,6.341358462623325,329.9205262329914,29.492688568959522,63.186629196872296,Going to Spoil
369.2260611085554,641.1820127784246,6.58735936811368,291.4623786010516,25.98789562473983,55.03542998440269,Fresh
429.72499057465325,574.7942778252926,6.607759677199417,311.90314050873826,26.181779316766526,66.27716182705637,Fresh
467.37638446522175,610.6973891661164,6.562442049125203,310.8512008717193,26.536582307187537,58.60281073928923,Fresh
675.026184411471,810.7737321172075,5.727430640255414,353.8330182870279,29.89706619688713,71.82462512383617,Spoiled
430.7104645789514,552.2836161895739,6.67196799003466,306.1459904175322,27.81286211883896,61.888886525770836,Fresh
416.16247225557703,541.778382375983,6.471484294379394,304.06927271734446,26.243649254715695,55.73323887120698,Fresh
530.4877875247258,618.3588659189415,6.241171795164875,414.492733441358,27.19632543203027,68.9173504163322,Going to Spoil
378.6699189612873,542.4869984033951,6.641202821376693,310.27571901824416,27.515047686306048,71.55819447196416,Fresh
524.2892948120683,643.5386403343529,6.270056919723094,378.7159337357179,26.984178181021605,64.18503954954392,Going to Spoil
717.0354882477214,820.9573888707876,5.723021570914683,434.63616854613224,30.804348109786744,67.4272886248181,Spoiled
437.3121638154162,571.8781845582803,6.629691669869704,287.9202962656836,27.0865897874729,59.532968293823764,Fresh
742.4083962999551,957.983001945554,5.847089916061452,404.731091228775,28.974425687808004,62.692772285332644,Spoiled
636.5606675104816,726.0037807430477,6.024515821044614,431.6884253211271,28.131707268123634,69.60388725836731,Spoiled
444.7624904696409,612.5403854400255,6.704438304572346,300.4200768326552,27.681952971294965,59.06919973021963,Fresh
738.6158993836468,881.8065360903109,5.810638910915372,425.9194712221679,28.38234810456565,67.05178143191885,Spoiled
565.00857751157,711.1897523268415,6.267644155527723,340.8243040229169,27.17240977935128,64.25843164913913,Going to Spoil
531.4984161387586,706.3863808439792,6.373828307143364,350.53178941840156,28.308833012598964,69.10664483390572,Going to Spoil
422.75282329606506,500.4972434159643,6.5824262489729986,307.1422514302349,28.477894044741515,58.44518934517906,Fresh
721.8513699201479,820.3211134905468,5.7476336931368115,416.7117058822251,28.911637040794666,66.88996691035362,Spoiled
427.79167505164446,543.8273349958237,6.65108739670219,266.7695987546208,26.933920201352684,56.36695140071263,Fresh
718.3109146460754,903.7246216673768,5.799328477740514,440.0622496677754,27.908299123860687,66.8387008925768,Spoiled
622.1883721735101,631.9610188585577,6.252421945667276,385.3055138853857,27.920358608754285,65.35711538874921,Going to Spoil
612.9190284397333,708.8379287570154,6.19288210102172,364.314569533904,29.399355436586003,66.77390104873831,Going to Spoil
692.2036687858928,876.6885048433533,5.871226806673703,331.7883409600716,29.655900776529762,68.58420858415633,Spoiled
720.4316835411038,871.5290292812028,5.721059853537743,445.6357568119985,27.90806609960469,70.67074250250953,Spoiled
406.96511317703056,567.6331150612544,6.617770701730697,290.4250275667305,28.25575612557352,57.31617809334149,Fresh
654.2509517071735,825.4279852888261,5.796012401122664,413.7564942818238,28.87146248856107,62.354452863507085,Spoiled
698.287064747537,822.9011367404198,5.901811705864634,352.59331998046184,28.393299705234703,68.63385107683841,Spoiled
627.9576906338905,792.866310013299,5.705465949771011,401.37457205246653,28.831856181415212,66.58372826690862,Spoiled
595.1413463928961,710.2931608071481,6.236154401601623,319.39254409276583,27.790976742713976,61.4484386373721,Going to Spoil
389.8194785550089,531.4324554884907,6.692648869880005,315.83325387925873,27.624119817052154,61.88503652779284,Fresh
780.9442487691856,820.3399922279999,5.777195315799821,409.2766373156872,28.81960831823759,72.11854542402959,Spoiled
395.13014967233784,557.5927583921213,6.659783488409861,312.2074053086693,26.979098406035853,60.35198214992634,Fresh
543.9580445020713,719.7646971869002,6.315232287841342,310.59019607539375,29.476540349725894,68.14027406244236,Going to Spoil
541.4545177648273,723.3839225729761,6.368947048892464,319.3098046215752,28.597400069849858,66.10351822693269,Going to Spoil
713.9860018919877,741.7598614318972,5.811441303932956,412.0965535175325,29.679142775438194,67.09386350153041,Spoiled
572.3555577710215,628.5647789271283,6.41334315323011,321.3413651745328,28.30263546523903,61.73717244994192,Going to Spoil
610.7587331107837,688.9059852558191,6.184858199638555,337.90285414864195,27.67965269180568,65.27249783920576,Going to Spoil
398.4466733624269,571.4621139315261,6.62487260524784,329.50712433899105,27.857659623202018,59.52018441010972,Fresh
428.429756032051,555.0920192071762,6.583350219971417,290.13998130682336,26.41063524305579,62.54880629106307,Fresh
710.6144939759852,790.8620671194209,5.507341941006828,415.9716251344109,30.42274813609994,70.77864620672477,Spoiled
596.486794964717,705.0303504230297,6.2955887772081605,404.1250586225271,27.356481769619858,66.78352038424372,Going to Spoil
524.9112187789018,596.0058522317123,6.24173193141573,346.9563122904179,29.51344974324213,65.89243505366433,Going to Spoil
390.28391024607936,557.3480908158891,6.607972109207011,289.93048691767603,25.449336568933866,60.205688924418084,Fresh
632.662472311162,779.7064966751906,5.915782195971695,468.46748470644695,27.765651128120076,66.22260722254131,Spoiled
572.495296595364,739.8118638559595,6.269652116970147,367.7250939397128,27.910264305712772,68.32035164634841,Going to Spoil
555.8961341694366,739.2918891023581,6.149345743472036,378.49696402822616,29.317115067339866,63.645794419026764,Going to Spoil
511.6303719586679,615.1977102832568,6.409450506322497,328.8259662920418,27.00860765054369,57.539829659188854,Going to Spoil
687.1732949777123,909.7605677956161,5.827608491102968,434.9322926727418,29.665924252054463,69.26475983184336,Spoiled
606.4297390296026,739.1711504112822,6.413996452937139,368.5531872767973,28.075433638901593,59.194102564308494,Going to Spoil
646.4557680110701,854.6459311515805,5.727296701508933,471.5813371862189,30.99251535316812,65.70003023664995,Spoiled
710.502453160077,829.6794955683772,5.902107755460157,415.8788463480181,29.39046484992889,67.6903347412025,Spoiled
608.1440725091754,659.4306684536177,6.189778793963822,361.7193564018756,27.00161456081171,64.9053756994584,Going to Spoil
738.7782880210694,841.3597180935842,5.722452722818743,473.25932677828536,27.80636316824352,70.75746252083,Spoiled
461.4647697311258,605.9483955035857,6.586630553574651,302.9342737286665,28.206508966508355,57.54919298703829,Fresh
425.3310300279976,526.5862256515959,6.630415828080476,312.21171490567644,27.55979044793104,63.24234217666387,Fresh
502.4050350657028,713.5814104712249,6.314548418114107,404.0813680826365,27.692221765046998,64.65745098299182,Going to Spoil
649.5934093930967,789.1819295980262,5.754976434361128,410.468547097313,30.28164379500377,69.67307318217537,Spoiled
451.126198327737,559.5993440458101,6.57841000517653,280.42472568435386,26.555706739923888,61.131901479134555,Fresh
621.1958472915265,864.6298669149654,5.654659368486306,441.92292357199574,29.014273067836434,65.13818174181006,Spoiled
400.1212872316246,602.8239467437264,6.538939267476598,263.9023579867096,25.372457562116836,60.14425483998414,Fresh
661.1337306183485,751.0190917605535,5.724793933049204,445.8718041714828,29.953125045376087,69.53925626029188,Spoiled
522.4903688822218,620.0945170899,6.06637946268967,362.69978317281357,26.896633393826125,57.54132822114255,Going to Spoil
420.5530179919618,593.9032682144668,6.556819225575251,284.43390549195374,27.19584525509768,57.06488166715491,Fresh
713.3543986627413,891.5683390915592,5.92981200732074,380.6334241970578,29.62206999030605,71.98679995860623,Spoiled
443.7309584112914,543.6245018082104,6.712223544874887,271.9629787441544,27.58685709380027,66.57136687742994,Fresh
547.7551578692453,694.7943084636566,6.2821357215450275,360.5480188558821,29.613711269058648,65.36060290454193,Going to Spoil
391.0522961825969,607.4420583999375,6.6846739589479665,264.8252102715377,25.816741487334227,53.8823034667197,Fresh
444.69511751885744,582.9327186875362,6.496803128020716,274.0984245587277,26.664215300709873,65.00706457586818,Fresh
553.9644643688217,615.2774909757185,6.341922893457521,333.2963978615252,29.873297776217544,67.24014419714395,Going to Spoil
681.8700636390795,892.6233767235373,5.839209371752278,429.0142307883248,29.6222071440434,64.5835006466577,Spoiled
726.0608796535803,763.1157164787592,5.775821015926297,419.8043605431163,29.59879438956191,70.00502146615425,Spoiled
428.3990587895946,534.980438108065,6.795660158369346,302.58442363950456,27.109394794604892,62.17729987169608,Fresh
